<?xml version="1.0"?>
<!--<!DOCTYPE metadata SYSTEM "http://www.esri.com/metadata/esriprof80.dtd">-->
<metadata xml:lang="en"><Esri><CreaDate>20121105</CreaDate><CreaTime>15312300</CreaTime><SyncOnce>FALSE</SyncOnce><ModDate>20111115</ModDate><ModTime>15465600</ModTime><SyncDate>20111115</SyncDate><SyncTime>15385300</SyncTime><MetaID>{E0B5C10D-366B-432C-8A0B-5D4F2203ECD7}</MetaID></Esri><idinfo><ptcontac><cntinfo><cntorgp><cntorg>California Department of Fish and Game</cntorg><cntper> Marine Region GIS</cntper></cntorgp><cntaddr><addrtype>mailing and physical address</addrtype><address>20 Lower Ragsdale Dr.</address><city>Monterey</city><state>CA</state><postal>93940</postal><country>USA</country></cntaddr><cntvoice>831.649.7143</cntvoice><cntfax>831.649.2917</cntfax><cntemail>mr_gis@dfg.ca.gov</cntemail><hours>8 am to 5 pm  Monday - Friday</hours><cntinst>Email is preferred.</cntinst><cntemail>geo_data@dfg.ca.gov</cntemail></cntinfo></ptcontac><citation><citeinfo><pubdate>Unpublished Material</pubdate><pubtime>Unknown</pubtime><edition>First</edition><geoform Sync="TRUE">vector digital data</geoform><serinfo><sername>None</sername></serinfo><origin>see original metadata</origin><title>Piers and Jetties of California</title><ftname Sync="TRUE">SDE_PROJ_MARINE.SDT.Fishing_Piers_and_Jetties</ftname><onlink Sync="TRUE"></onlink></citeinfo></citation><timeperd><timeinfo><sngdate><caldate>unknown</caldate><time>unknown</time></sngdate></timeinfo><current>ground condition</current></timeperd><status><progress>Complete</progress><update>None planned</update></status><accconst>None</accconst><useconst>None.  </useconst><secinfo><secsys>None</secsys><secclass>Unclassified</secclass><sechandl>None</sechandl></secinfo><native Sync="TRUE">Microsoft Windows XP Version 5.1 (Build 2600) Service Pack 3; ESRI ArcCatalog 9.3.1.3000</native><descript><langdata Sync="TRUE">en</langdata><abstract>Piers and jetties regularly sampled by the California Recreational Fisheries Survey.  Sites provided by the Pacific State Marine Fisheries Commision.  Records are not exhaustive of all piers or jetties in California.</abstract><purpose>Cartographic representation of common piers and jetties used for fishing in California.  </purpose></descript><spdom><bounding><westbc Sync="TRUE">-124.235672</westbc><eastbc Sync="TRUE">-117.105845</eastbc><northbc Sync="TRUE">41.748065</northbc><southbc Sync="TRUE">32.579505</southbc></bounding><lboundng><leftbc Sync="TRUE">-13829851.725600</leftbc><rightbc Sync="TRUE">-13036163.015100</rightbc><bottombc Sync="TRUE">3839622.340700</bottombc><topbc Sync="TRUE">5123315.213000</topbc></lboundng></spdom><keywords><theme><themekt>iso</themekt><themekey>society</themekey></theme><place><placekey>California</placekey></place><theme><themekt>dfg</themekt><themekey>cultural</themekey></theme><theme><themekey>piers</themekey><themekey>jetties</themekey><themekey>fishing</themekey><themekey>CRFS</themekey><themekey>California Recreational Fisheries Survey</themekey></theme></keywords><natvform Sync="TRUE">SDE Feature Class</natvform></idinfo><distinfo><distrib><cntinfo><cntorgp><cntorg>California Department of Fish and Game, Marine Region</cntorg></cntorgp><cntaddr><addrtype>Mailing and physical address</addrtype><address>20 Lower Ragsdale Dr.</address><city>Monterey</city><state>California</state><postal>93940</postal><country>USA</country></cntaddr><cntvoice>831.649.7143</cntvoice><cntfax>831.649.2917</cntfax><cntemail>mr_gis@dfg.ca.gov</cntemail><cntemail>geodata@dfg.ca.gov</cntemail></cntinfo></distrib><stdorder><digform><digtinfo><formname>DXF</formname><filedec>Zip</filedec><transize Sync="TRUE">0.000</transize><dssize Sync="TRUE">0.000</dssize></digtinfo></digform><fees>Cost of media</fees><ordering>Submit requests by email to mr_gis@dfg.ca.gov</ordering><turnarnd>14 days</turnarnd></stdorder><custom>Email:  mr_gis@dfg.ca.gov
</custom><resdesc Sync="TRUE">Downloadable Data</resdesc></distinfo><metainfo><metc><cntinfo><cntorgp><cntorg>California Department of Fish and Game</cntorg><cntper>Marine Region GIS</cntper></cntorgp><cntaddr><addrtype>mailing and physical address</addrtype><address>20 Lower Ragsdale Dr.</address><city>Monterey</city><state>California</state><postal>93940</postal><country>USA</country></cntaddr><cntvoice>831.649.7143</cntvoice><cntfax>831.649.2917</cntfax><cntemail>mr_gis@dfg.ca.gov</cntemail><hours>8am to 5pm</hours><cntinst>Email</cntinst></cntinfo></metc><metfrd>Undetermined</metfrd><langmeta Sync="TRUE">en</langmeta><metstdn Sync="TRUE">FGDC Content Standards for Digital Geospatial Metadata</metstdn><metstdv Sync="TRUE">FGDC-STD-001-1998</metstdv><metac>None</metac><metuc>None</metuc><metsi><metsc>Unclassified</metsc></metsi><metd Sync="TRUE">20111115</metd><mettc Sync="TRUE">local time</mettc><metextns><onlink Sync="TRUE">http://www.esri.com/metadata/esriprof80.html</onlink><metprof Sync="TRUE">ESRI Metadata Profile</metprof></metextns></metainfo><spdoinfo><direct Sync="TRUE">Vector</direct><ptvctinf><esriterm Name="SDE_PROJ_MARINE.SDT.Fishing_Piers_and_Jetties"><efeatyp Sync="TRUE">Simple</efeatyp><efeageom Sync="TRUE">Point</efeageom><esritopo Sync="TRUE">FALSE</esritopo><efeacnt Sync="TRUE">200</efeacnt><spindex Sync="TRUE">TRUE</spindex><linrefer Sync="TRUE">FALSE</linrefer></esriterm><sdtsterm Name="SDE_PROJ_MARINE.SDT.Fishing_Piers_and_Jetties"><sdtstype Sync="TRUE">Entity point</sdtstype><ptvctcnt Sync="TRUE">200</ptvctcnt></sdtsterm></ptvctinf></spdoinfo><mdDateSt Sync="TRUE">20111115</mdDateSt><dataqual><lineage><procstep><srcused Sync="TRUE">I:\govunits\metadata.xml</srcused><date Sync="TRUE">20040303</date><time Sync="TRUE">11534800</time><procdesc>Converted to California Teale Albers NAD83 projection.</procdesc></procstep><procstep><procdesc Sync="TRUE">Metadata imported.</procdesc><srcused Sync="TRUE">I:\govunits\metadata.xml</srcused><date Sync="TRUE">20040304</date><time Sync="TRUE">14303500</time></procstep><procstep><procdesc Sync="TRUE">Metadata imported.</procdesc><srcused Sync="TRUE">\\Rglib01\gisdata_marine\govunits\metadata.xml</srcused><date Sync="TRUE">20040322</date><time Sync="TRUE">11064800</time></procstep><procstep><procdesc Sync="TRUE">Metadata imported.</procdesc><srcused Sync="TRUE">\\Rglib01\gisdata_marine\MR_template.xml</srcused><date Sync="TRUE">20040721</date><time Sync="TRUE">15294600</time></procstep><procstep><procdesc Sync="TRUE">Metadata imported.</procdesc><srcused Sync="TRUE">T:\metadata.xml</srcused><date Sync="TRUE">20050920</date><time Sync="TRUE">15435200</time></procstep><procstep><procdesc Sync="TRUE">Metadata imported.</procdesc><srcused Sync="TRUE">M:\MarineGIS_lib\metadata.xml</srcused><procdate Sync="TRUE">20111115</procdate><proctime Sync="TRUE">15384800</proctime></procstep><procstep><procdesc Sync="TRUE">Dataset copied.</procdesc><srcused Sync="TRUE">Server=dfgsql3.geo.dfg.ca.gov; Service=sde:sqlserver:dfgsql3; Database=sde; User=sde_IMS; Version=sde.DEFAULT</srcused><procdate Sync="TRUE">20121105</procdate><proctime Sync="TRUE">15312300</proctime></procstep></lineage></dataqual><dataIdInfo><envirDesc Sync="TRUE">Microsoft Windows XP Version 5.1 (Build 2600) Service Pack 3; ESRI ArcCatalog 9.3.1.3000</envirDesc><dataLang><languageCode Sync="TRUE" value="en"></languageCode></dataLang><idCitation><resTitle Sync="TRUE">SDE_PROJ_MARINE.SDT.Fishing_Piers_and_Jetties</resTitle><presForm><PresFormCd Sync="TRUE" value="005"></PresFormCd></presForm></idCitation><spatRpType><SpatRepTypCd Sync="TRUE" value="001"></SpatRepTypCd></spatRpType><dataExt><geoEle><GeoBndBox esriExtentType="native"><westBL Sync="TRUE">-13829851.7256</westBL><eastBL Sync="TRUE">-13036163.0151</eastBL><northBL Sync="TRUE">5123315.213</northBL><southBL Sync="TRUE">3839622.3407</southBL><exTypeCode Sync="TRUE">1</exTypeCode></GeoBndBox></geoEle></dataExt><geoBox esriExtentType="decdegrees"><westBL Sync="TRUE">-124.235672</westBL><eastBL Sync="TRUE">-117.105845</eastBL><northBL Sync="TRUE">41.748065</northBL><southBL Sync="TRUE">32.579505</southBL><exTypeCode Sync="TRUE">1</exTypeCode></geoBox></dataIdInfo><mdLang><languageCode Sync="TRUE" value="en"></languageCode></mdLang><mdStanName Sync="TRUE">ISO 19115 Geographic Information - Metadata</mdStanName><mdStanVer Sync="TRUE">DIS_ESRI1.0</mdStanVer><mdChar><CharSetCd Sync="TRUE" value="004"></CharSetCd></mdChar><mdHrLv><ScopeCd Sync="TRUE" value="005"></ScopeCd></mdHrLv><mdHrLvName Sync="TRUE">dataset</mdHrLvName><distInfo><distributor><distorTran><onLineSrc><orDesc Sync="TRUE">002</orDesc><linkage Sync="TRUE">file://</linkage><protocol Sync="TRUE">Local Area Network</protocol></onLineSrc><transSize Sync="TRUE">0.000</transSize></distorTran><distorFormat><formatName Sync="TRUE">SDE Feature Class</formatName></distorFormat></distributor></distInfo><spref><horizsys><cordsysn><geogcsn Sync="TRUE">GCS_WGS_1984</geogcsn><projcsn Sync="TRUE">WGS_1984_Web_Mercator_Auxiliary_Sphere</projcsn></cordsysn><planar><planci><plance Sync="TRUE">coordinate pair</plance><plandu Sync="TRUE">meters</plandu><coordrep><absres Sync="TRUE">0.000100</absres><ordres Sync="TRUE">0.000100</ordres></coordrep></planci><mapproj><mapprojp><stdparll Sync="TRUE">0.000000</stdparll><longcm Sync="TRUE">0.000000</longcm><feast Sync="TRUE">0.000000</feast><fnorth Sync="TRUE">0.000000</fnorth></mapprojp></mapproj></planar><geodetic><horizdn Sync="TRUE">D_WGS_1984</horizdn><ellips Sync="TRUE">WGS_1984</ellips><semiaxis Sync="TRUE">6378137.000000</semiaxis><denflat Sync="TRUE">298.257224</denflat></geodetic></horizsys><vertdef><altsys><altenc Sync="TRUE">Explicit elevation coordinate included with horizontal coordinates</altenc><altres Sync="TRUE">1.000000</altres></altsys></vertdef></spref><refSysInfo><RefSystem><refSysID><identCode Sync="TRUE">WGS_1984_Web_Mercator_Auxiliary_Sphere</identCode></refSysID></RefSystem></refSysInfo><spatRepInfo><VectSpatRep><topLvl><TopoLevCd Sync="TRUE" value="001"></TopoLevCd></topLvl><geometObjs Name="SDE_PROJ_MARINE.SDT.Fishing_Piers_and_Jetties"><geoObjTyp><GeoObjTypCd Sync="TRUE" value="004"></GeoObjTypCd></geoObjTyp><geoObjCnt Sync="TRUE">200</geoObjCnt></geometObjs></VectSpatRep><GridSpatRep><numDims Sync="TRUE">2</numDims><cellGeo><CellGeoCd Sync="TRUE" value="002"></CellGeoCd></cellGeo><tranParaAv Sync="TRUE">1</tranParaAv><axDimProps><Dimen><dimName><DimNameTypCd Sync="TRUE" value="002"></DimNameTypCd></dimName><dimSize Sync="TRUE">2165</dimSize><dimResol><value Sync="TRUE">5</value><uom><UomLength><uomName Sync="TRUE">Meter</uomName><conversionToISOstandardUnit Sync="TRUE">1 Meter = 1 Meter(s)</conversionToISOstandardUnit></UomLength></uom></dimResol></Dimen><Dimen><dimName><DimNameTypCd Sync="TRUE" value="001"></DimNameTypCd></dimName><dimSize Sync="TRUE">1893</dimSize><dimResol><value Sync="TRUE">5</value><uom><UomLength><uomName Sync="TRUE">Meter</uomName><conversionToISOstandardUnit Sync="TRUE">1 Meter = 1 Meter(s)</conversionToISOstandardUnit></UomLength></uom></dimResol></Dimen></axDimProps></GridSpatRep></spatRepInfo><eainfo><detailed Name="SDE_PROJ_MARINE.SDT.Fishing_Piers_and_Jetties"><enttyp><enttypl Sync="TRUE">SDE_PROJ_MARINE.SDT.Fishing_Piers_and_Jetties</enttypl><enttypt Sync="TRUE">Feature Class</enttypt><enttypc Sync="TRUE">200</enttypc></enttyp><attr><attrlabl Sync="TRUE">ObjectID</attrlabl><attalias Sync="TRUE">OBJECTID</attalias><attrtype Sync="TRUE">OID</attrtype><attwidth Sync="TRUE">4</attwidth><atprecis Sync="TRUE">10</atprecis><attscale Sync="TRUE">0</attscale><attrdef Sync="TRUE">Internal feature number.</attrdef><attrdefs Sync="TRUE">ESRI</attrdefs><attrdomv><udom Sync="TRUE">Sequential unique whole numbers that are automatically generated.</udom></attrdomv></attr><attr><attrlabl Sync="TRUE">CSM_CD</attrlabl><attalias Sync="TRUE">CSM_CD</attalias><attrtype Sync="TRUE">String</attrtype><attwidth Sync="TRUE">255</attwidth><atprecis Sync="TRUE">0</atprecis><attscale Sync="TRUE">0</attscale></attr><attr><attrlabl Sync="TRUE">PNT_NAME</attrlabl><attalias Sync="TRUE">PNT_NAME</attalias><attrtype Sync="TRUE">String</attrtype><attwidth Sync="TRUE">255</attwidth><atprecis Sync="TRUE">0</atprecis><attscale Sync="TRUE">0</attscale></attr><attr><attrlabl Sync="TRUE">LAT_DDM</attrlabl><attalias Sync="TRUE">LAT_DDM</attalias><attrtype Sync="TRUE">String</attrtype><attwidth Sync="TRUE">255</attwidth><atprecis Sync="TRUE">0</atprecis><attscale Sync="TRUE">0</attscale></attr><attr><attrlabl Sync="TRUE">LON_DDM</attrlabl><attalias Sync="TRUE">LON_DDM</attalias><attrtype Sync="TRUE">String</attrtype><attwidth Sync="TRUE">255</attwidth><atprecis Sync="TRUE">0</atprecis><attscale Sync="TRUE">0</attscale></attr><attr><attrlabl Sync="TRUE">LAT_DD</attrlabl><attalias Sync="TRUE">LAT_DD</attalias><attrtype Sync="TRUE">Double</attrtype><attwidth Sync="TRUE">8</attwidth><atprecis Sync="TRUE">38</atprecis><attscale Sync="TRUE">8</attscale></attr><attr><attrlabl Sync="TRUE">LON_DD</attrlabl><attalias Sync="TRUE">LON_DD</attalias><attrtype Sync="TRUE">Double</attrtype><attwidth Sync="TRUE">8</attwidth><atprecis Sync="TRUE">38</atprecis><attscale Sync="TRUE">8</attscale></attr><attr><attrlabl Sync="TRUE">ZIP_08</attrlabl><attalias Sync="TRUE">ZIP_08</attalias><attrtype Sync="TRUE">Integer</attrtype><attwidth Sync="TRUE">4</attwidth><atprecis Sync="TRUE">10</atprecis><attscale Sync="TRUE">0</attscale></attr><attr><attrlabl Sync="TRUE">NTS</attrlabl><attalias Sync="TRUE">NTS</attalias><attrtype Sync="TRUE">String</attrtype><attwidth Sync="TRUE">50</attwidth><atprecis Sync="TRUE">0</atprecis><attscale Sync="TRUE">0</attscale></attr><attr><attrlabl Sync="TRUE">Shape</attrlabl><attalias Sync="TRUE">Shape</attalias><attrtype Sync="TRUE">Geometry</attrtype><attwidth Sync="TRUE">4</attwidth><atprecis Sync="TRUE">0</atprecis><attscale Sync="TRUE">0</attscale><attrdef Sync="TRUE">Feature geometry.</attrdef><attrdefs Sync="TRUE">ESRI</attrdefs><attrdomv><udom Sync="TRUE">Coordinates defining the features.</udom></attrdomv></attr></detailed></eainfo></metadata>
